<?xml version="1.0"?>
<doc>
    <assembly>
        <name>Microsoft.AspNetCore.Server.Kestrel.Core</name>
    </assembly>
    <members>
        <member name="T:Microsoft.AspNetCore.Server.Kestrel.Core.Features.IHttpMinRequestBodyDataRateFeature">
            <summary>
            Feature to set the minimum data rate at which the the request body must be sent by the client.
            </summary>
        </member>
        <member name="P:Microsoft.AspNetCore.Server.Kestrel.Core.Features.IHttpMinRequestBodyDataRateFeature.MinDataRate">
            <summary>
            The minimum data rate in bytes/second at which the request body must be sent by the client.
            Setting this property to null indicates no minimum data rate should be enforced.
            This limit has no effect on upgraded connections which are always unlimited.
            </summary>
        </member>
        <member name="T:Microsoft.AspNetCore.Server.Kestrel.Core.Features.IHttpMinResponseDataRateFeature">
            <summary>
            Feature to set the minimum data rate at which the response must be received by the client.
            </summary>
        </member>
        <member name="P:Microsoft.AspNetCore.Server.Kestrel.Core.Features.IHttpMinResponseDataRateFeature.MinDataRate">
            <summary>
            The minimum data rate in bytes/second at which the response must be received by the client.
            Setting this property to null indicates no minimum data rate should be enforced.
            This limit has no effect on upgraded connections which are always unlimited.
            </summary>
        </member>
        <member name="M:Microsoft.AspNetCore.Server.Kestrel.Core.Internal.AddressBinder.TryCreateIPEndPoint(Microsoft.AspNetCore.Server.Kestrel.Core.ServerAddress,System.Net.IPEndPoint@)">
            <summary>
            Returns an <see cref="T:System.Net.IPEndPoint"/> for the given host an port.
            If the host parameter isn't "localhost" or an IP address, use IPAddress.Any.
            </summary>
        </member>
        <member name="T:Microsoft.AspNetCore.Server.Kestrel.Core.Internal.Http.DateHeaderValueManager">
            <summary>
            Manages the generation of the date header value.
            </summary>
        </member>
        <member name="M:Microsoft.AspNetCore.Server.Kestrel.Core.Internal.Http.DateHeaderValueManager.#ctor">
            <summary>
            Initializes a new instance of the <see cref="T:Microsoft.AspNetCore.Server.Kestrel.Core.Internal.Http.DateHeaderValueManager"/> class.
            </summary>
        </member>
        <member name="M:Microsoft.AspNetCore.Server.Kestrel.Core.Internal.Http.DateHeaderValueManager.GetDateHeaderValues">
            <summary>
            Returns a value representing the current server date/time for use in the HTTP "Date" response header
            in accordance with http://www.w3.org/Protocols/rfc2616/rfc2616-sec14.html#sec14.18
            </summary>
            <returns>The value in string and byte[] format.</returns>
        </member>
        <member name="M:Microsoft.AspNetCore.Server.Kestrel.Core.Internal.Http.DateHeaderValueManager.SetDateValues(System.DateTimeOffset)">
            <summary>
            Sets date values from a provided ticks value
            </summary>
            <param name="value">A DateTimeOffset value</param>
        </member>
        <member name="P:Microsoft.AspNetCore.Server.Kestrel.Core.Internal.Http.Frame.TraceIdentifier">
            <summary>
            The request id. <seealso cref="P:Microsoft.AspNetCore.Http.HttpContext.TraceIdentifier"/>
            </summary>
        </member>
        <member name="M:Microsoft.AspNetCore.Server.Kestrel.Core.Internal.Http.Frame.Stop">
            <summary>
            Stops the request processing loop between requests.
            Called on all active connections when the server wants to initiate a shutdown
            and after a keep-alive timeout.
            </summary>
        </member>
        <member name="M:Microsoft.AspNetCore.Server.Kestrel.Core.Internal.Http.Frame.Abort(System.Exception)">
            <summary>
            Immediate kill the connection and poison the request and response streams.
            </summary>
        </member>
        <member name="M:Microsoft.AspNetCore.Server.Kestrel.Core.Internal.Http.Frame.ProcessRequestsAsync">
            <summary>
            Primary loop which consumes socket input, parses it for protocol framing, and invokes the
            application delegate for as long as the socket is intended to remain open.
            The resulting Task from this loop is preserved in a field which is used when the server needs
            to drain and close all currently active connections.
            </summary>
        </member>
        <member name="M:Microsoft.AspNetCore.Server.Kestrel.Core.Internal.Http.Frame`1.ProcessRequestsAsync">
            <summary>
            Primary loop which consumes socket input, parses it for protocol framing, and invokes the
            application delegate for as long as the socket is intended to remain open.
            The resulting Task from this loop is preserved in a field which is used when the server needs
            to drain and close all currently active connections.
            </summary>
        </member>
        <member name="T:Microsoft.AspNetCore.Server.Kestrel.Core.Internal.Http.MessageBody.ForChunkedEncoding">
            <summary>
              http://tools.ietf.org/html/rfc2616#section-3.6.1
            </summary>
        </member>
        <member name="F:Microsoft.AspNetCore.Server.Kestrel.Core.Internal.Infrastructure.Constants.DefaultServerAddress">
            <summary>
            The IPEndPoint Kestrel will bind to if nothing else is specified.
            </summary>
        </member>
        <member name="F:Microsoft.AspNetCore.Server.Kestrel.Core.Internal.Infrastructure.Constants.UnixPipeHostPrefix">
            <summary>
            Prefix of host name used to specify Unix sockets in the configuration.
            </summary>
        </member>
        <member name="F:Microsoft.AspNetCore.Server.Kestrel.Core.Internal.Infrastructure.Constants.PipeDescriptorPrefix">
            <summary>
            Prefix of host name used to specify pipe file descriptor in the configuration.
            </summary>
        </member>
        <member name="F:Microsoft.AspNetCore.Server.Kestrel.Core.Internal.Infrastructure.Constants.SocketDescriptorPrefix">
            <summary>
            Prefix of host name used to specify socket descriptor in the configuration.
            </summary>
        </member>
        <member name="T:Microsoft.AspNetCore.Server.Kestrel.Core.Internal.Infrastructure.Disposable">
            <summary>
            Summary description for Disposable
            </summary>
        </member>
        <member name="P:Microsoft.AspNetCore.Server.Kestrel.Core.Internal.Infrastructure.FrameConnectionManager.NormalConnectionCount">
            <summary>
            TCP connections processed by Kestrel.
            </summary>
        </member>
        <member name="P:Microsoft.AspNetCore.Server.Kestrel.Core.Internal.Infrastructure.FrameConnectionManager.UpgradedConnectionCount">
            <summary>
            Connections that have been switched to a different protocol.
            </summary>
        </member>
        <member name="M:Microsoft.AspNetCore.Server.Kestrel.Core.Internal.Infrastructure.HttpUtilities.GetKnownMethod(Microsoft.AspNetCore.Server.Kestrel.Internal.System.Span{System.Byte},Microsoft.AspNetCore.Server.Kestrel.Core.Internal.Http.HttpMethod@,System.Int32@)">
            <summary>
            Checks that up to 8 bytes from <paramref name="span"/> correspond to a known HTTP method.
            </summary>
            <remarks>
            A "known HTTP method" can be an HTTP method name defined in the HTTP/1.1 RFC.
            Since all of those fit in at most 8 bytes, they can be optimally looked up by reading those bytes as a long. Once
            in that format, it can be checked against the known method.
            The Known Methods (CONNECT, DELETE, GET, HEAD, PATCH, POST, PUT, OPTIONS, TRACE) are all less than 8 bytes
            and will be compared with the required space. A mask is used if the Known method is less than 8 bytes.
            To optimize performance the GET method will be checked first.
            </remarks>
            <returns><c>true</c> if the input matches a known string, <c>false</c> otherwise.</returns>
        </member>
        <member name="M:Microsoft.AspNetCore.Server.Kestrel.Core.Internal.Infrastructure.HttpUtilities.GetKnownVersion(Microsoft.AspNetCore.Server.Kestrel.Internal.System.Span{System.Byte},Microsoft.AspNetCore.Server.Kestrel.Core.Internal.Http.HttpVersion@,System.Byte@)">
            <summary>
            Checks 9 bytes from <paramref name="span"/>  correspond to a known HTTP version.
            </summary>
            <remarks>
            A "known HTTP version" Is is either HTTP/1.0 or HTTP/1.1.
            Since those fit in 8 bytes, they can be optimally looked up by reading those bytes as a long. Once
            in that format, it can be checked against the known versions.
            The Known versions will be checked with the required '\r'.
            To optimize performance the HTTP/1.1 will be checked first.
            </remarks>
            <returns><c>true</c> if the input matches a known string, <c>false</c> otherwise.</returns>
        </member>
        <member name="M:Microsoft.AspNetCore.Server.Kestrel.Core.Internal.Infrastructure.HttpUtilities.GetKnownVersion(System.Byte*,System.Int32)">
            <summary>
            Checks 9 bytes from <paramref name="location"/>  correspond to a known HTTP version.
            </summary>
            <remarks>
            A "known HTTP version" Is is either HTTP/1.0 or HTTP/1.1.
            Since those fit in 8 bytes, they can be optimally looked up by reading those bytes as a long. Once
            in that format, it can be checked against the known versions.
            The Known versions will be checked with the required '\r'.
            To optimize performance the HTTP/1.1 will be checked first.
            </remarks>
            <returns><c>true</c> if the input matches a known string, <c>false</c> otherwise.</returns>
        </member>
        <member name="M:Microsoft.AspNetCore.Server.Kestrel.Core.Internal.Infrastructure.HttpUtilities.GetKnownHttpScheme(Microsoft.AspNetCore.Server.Kestrel.Internal.System.Span{System.Byte},Microsoft.AspNetCore.Server.Kestrel.Core.Internal.Http.HttpScheme@)">
            <summary>
            Checks 8 bytes from <paramref name="span"/> that correspond to 'http://' or 'https://'
            </summary>
            <param name="span">The span</param>
            <param name="knownScheme">A reference to the known scheme, if the input matches any</param>
            <returns>True when memory starts with known http or https schema</returns>
        </member>
        <member name="T:Microsoft.AspNetCore.Server.Kestrel.Core.Internal.Infrastructure.ISystemClock">
            <summary>
            Abstracts the system clock to facilitate testing.
            </summary>
        </member>
        <member name="P:Microsoft.AspNetCore.Server.Kestrel.Core.Internal.Infrastructure.ISystemClock.UtcNow">
            <summary>
            Retrieves the current system time in UTC.
            </summary>
        </member>
        <member name="M:Microsoft.AspNetCore.Server.Kestrel.Core.Internal.Infrastructure.StringUtilities.ConcatAsHexSuffix(System.String,System.Char,System.UInt32)">
            <summary>
            A faster version of String.Concat(<paramref name="str"/>, <paramref name="separator"/>, <paramref name="number"/>.ToString("X8"))
            </summary>
            <param name="str"></param>
            <param name="separator"></param>
            <param name="number"></param>
            <returns></returns>
        </member>
        <member name="T:Microsoft.AspNetCore.Server.Kestrel.Core.Internal.Infrastructure.SystemClock">
            <summary>
            Provides access to the normal system clock.
            </summary>
        </member>
        <member name="P:Microsoft.AspNetCore.Server.Kestrel.Core.Internal.Infrastructure.SystemClock.UtcNow">
            <summary>
            Retrieves the current system time in UTC.
            </summary>
        </member>
        <member name="M:Microsoft.AspNetCore.Server.Kestrel.Core.Internal.Infrastructure.UriUtilities.IsValidAuthorityCharacter(System.Byte)">
            <summary>
            Returns true if character is valid in the 'authority' section of a URI.
            <see href="https://tools.ietf.org/html/rfc3986#section-3.2"/>
            </summary>
            <param name="ch">The character</param>
            <returns></returns>
        </member>
        <member name="P:Microsoft.AspNetCore.Server.Kestrel.Core.KestrelServerLimits.MaxResponseBufferSize">
            <summary>
            Gets or sets the maximum size of the response buffer before write
            calls begin to block or return tasks that don't complete until the
            buffer size drops below the configured limit.
            </summary>
            <remarks>
            When set to null, the size of the response buffer is unlimited.
            When set to zero, all write calls will block or return tasks that
            don't complete until the entire response buffer is flushed.
            Defaults to 65,536 bytes (64 KB).
            </remarks>
        </member>
        <member name="P:Microsoft.AspNetCore.Server.Kestrel.Core.KestrelServerLimits.MaxRequestBufferSize">
            <summary>
            Gets or sets the maximum size of the request buffer.
            </summary>
            <remarks>
            When set to null, the size of the request buffer is unlimited.
            Defaults to 1,048,576 bytes (1 MB).
            </remarks>
        </member>
        <member name="P:Microsoft.AspNetCore.Server.Kestrel.Core.KestrelServerLimits.MaxRequestLineSize">
            <summary>
            Gets or sets the maximum allowed size for the HTTP request line.
            </summary>
            <remarks>
            Defaults to 8,192 bytes (8 KB).
            </remarks>
        </member>
        <member name="P:Microsoft.AspNetCore.Server.Kestrel.Core.KestrelServerLimits.MaxRequestHeadersTotalSize">
            <summary>
            Gets or sets the maximum allowed size for the HTTP request headers.
            </summary>
            <remarks>
            Defaults to 32,768 bytes (32 KB).
            </remarks>
        </member>
        <member name="P:Microsoft.AspNetCore.Server.Kestrel.Core.KestrelServerLimits.MaxRequestHeaderCount">
            <summary>
            Gets or sets the maximum allowed number of headers per HTTP request.
            </summary>
            <remarks>
            Defaults to 100.
            </remarks>
        </member>
        <member name="P:Microsoft.AspNetCore.Server.Kestrel.Core.KestrelServerLimits.MaxRequestBodySize">
            <summary>
            Gets or sets the maximum allowed size of any request body in bytes.
            When set to null, the maximum request body size is unlimited.
            This limit has no effect on upgraded connections which are always unlimited.
            This can be overridden per-request via <see cref="T:Microsoft.AspNetCore.Http.Features.IHttpMaxRequestBodySizeFeature"/>.
            </summary>
            <remarks>
            Defaults to 30,000,000 bytes, which is approximately 28.6MB.
            </remarks>
        </member>
        <member name="P:Microsoft.AspNetCore.Server.Kestrel.Core.KestrelServerLimits.KeepAliveTimeout">
            <summary>
            Gets or sets the keep-alive timeout.
            </summary>
            <remarks>
            Defaults to 2 minutes.
            </remarks>
        </member>
        <member name="P:Microsoft.AspNetCore.Server.Kestrel.Core.KestrelServerLimits.RequestHeadersTimeout">
            <summary>
            Gets or sets the maximum amount of time the server will spend receiving request headers.
            </summary>
            <remarks>
            Defaults to 30 seconds.
            </remarks>
        </member>
        <member name="P:Microsoft.AspNetCore.Server.Kestrel.Core.KestrelServerLimits.MaxConcurrentConnections">
            <summary>
            Gets or sets the maximum number of open HTTP/S connections. When set to null, the number of connections is unlimited.
            </summary>
            <remarks>
            <para>
            Defaults to null.
            </para>
            <para>
            When a connection is upgraded to another protocol, such as WebSockets, its connection is counted against the
            <see cref="P:Microsoft.AspNetCore.Server.Kestrel.Core.KestrelServerLimits.MaxConcurrentUpgradedConnections" /> limit instead of <see cref="P:Microsoft.AspNetCore.Server.Kestrel.Core.KestrelServerLimits.MaxConcurrentConnections" />.
            </para>
            </remarks>
        </member>
        <member name="P:Microsoft.AspNetCore.Server.Kestrel.Core.KestrelServerLimits.MaxConcurrentUpgradedConnections">
            <summary>
            Gets or sets the maximum number of open, upgraded connections. When set to null, the number of upgraded connections is unlimited.
            An upgraded connection is one that has been switched from HTTP to another protocol, such as WebSockets.
            </summary>
            <remarks>
            <para>
            Defaults to null.
            </para>
            <para>
            When a connection is upgraded to another protocol, such as WebSockets, its connection is counted against the
            <see cref="P:Microsoft.AspNetCore.Server.Kestrel.Core.KestrelServerLimits.MaxConcurrentUpgradedConnections" /> limit instead of <see cref="P:Microsoft.AspNetCore.Server.Kestrel.Core.KestrelServerLimits.MaxConcurrentConnections" />.
            </para>
            </remarks>
        </member>
        <member name="P:Microsoft.AspNetCore.Server.Kestrel.Core.KestrelServerLimits.MinRequestBodyDataRate">
            <summary>
            Gets or sets the request body minimum data rate in bytes/second.
            Setting this property to null indicates no minimum data rate should be enforced.
            This limit has no effect on upgraded connections which are always unlimited.
            This can be overridden per-request via <see cref="T:Microsoft.AspNetCore.Server.Kestrel.Core.Features.IHttpMinRequestBodyDataRateFeature"/>.
            </summary>
            <remarks>
            Defaults to 240 bytes/second with a 5 second grace period.
            </remarks>
        </member>
        <member name="P:Microsoft.AspNetCore.Server.Kestrel.Core.KestrelServerLimits.MinResponseDataRate">
            <summary>
            Gets or sets the response minimum data rate in bytes/second.
            Setting this property to null indicates no minimum data rate should be enforced.
            This limit has no effect on upgraded connections which are always unlimited.
            This can be overridden per-request via <see cref="T:Microsoft.AspNetCore.Server.Kestrel.Core.Features.IHttpMinResponseDataRateFeature"/>.
            </summary>
            <remarks>
            <para>
            Defaults to 240 bytes/second with a 5 second grace period.
            </para>
            <para>
            Contrary to the request body minimum data rate, this rate applies to the response status line and headers as well.
            </para>
            <para>
            This rate is enforced per write operation instead of being averaged over the life of the response. Whenever the server
            writes a chunk of data, a timer is set to the maximum of the grace period set in this property or the length of the write in
            bytes divided by the data rate (i.e. the maximum amount of time that write should take to complete with the specified data rate).
            The connection is aborted if the write has not completed by the time that timer expires.
            </para>
            </remarks>
        </member>
        <member name="T:Microsoft.AspNetCore.Server.Kestrel.Core.KestrelServerOptions">
            <summary>
            Provides programmatic configuration of Kestrel-specific features.
            </summary>
        </member>
        <member name="P:Microsoft.AspNetCore.Server.Kestrel.Core.KestrelServerOptions.ListenOptions">
            <summary>
            Configures the endpoints that Kestrel should listen to.
            </summary>
            <remarks>
            If this list is empty, the server.urls setting (e.g. UseUrls) is used.
            </remarks>
        </member>
        <member name="P:Microsoft.AspNetCore.Server.Kestrel.Core.KestrelServerOptions.AddServerHeader">
            <summary>
            Gets or sets whether the <c>Server</c> header should be included in each response.
            </summary>
            <remarks>
            Defaults to true.
            </remarks>
        </member>
        <member name="P:Microsoft.AspNetCore.Server.Kestrel.Core.KestrelServerOptions.ApplicationSchedulingMode">
            <summary>
            Gets or sets a value that determines how Kestrel should schedule user callbacks.
            </summary>
            <remarks>The default mode is <see cref="F:Microsoft.AspNetCore.Server.Kestrel.Transport.Abstractions.Internal.SchedulingMode.Default"/></remarks>
        </member>
        <member name="P:Microsoft.AspNetCore.Server.Kestrel.Core.KestrelServerOptions.AllowSynchronousIO">
            <summary>
            Gets or sets a value that controls whether synchronous IO is allowed for the <see cref="P:Microsoft.AspNetCore.Http.HttpContext.Request"/> and <see cref="P:Microsoft.AspNetCore.Http.HttpContext.Response"/> 
            </summary>
            <remarks>
            Defaults to true.
            </remarks>
        </member>
        <member name="P:Microsoft.AspNetCore.Server.Kestrel.Core.KestrelServerOptions.ApplicationServices">
            <summary>
            Enables the Listen options callback to resolve and use services registered by the application during startup.
            Typically initialized by UseKestrel()"/>.
            </summary>
        </member>
        <member name="P:Microsoft.AspNetCore.Server.Kestrel.Core.KestrelServerOptions.Limits">
            <summary>
            Provides access to request limit options.
            </summary>
        </member>
        <member name="M:Microsoft.AspNetCore.Server.Kestrel.Core.KestrelServerOptions.Listen(System.Net.IPAddress,System.Int32)">
            <summary>
            Bind to given IP address and port.
            </summary>
        </member>
        <member name="M:Microsoft.AspNetCore.Server.Kestrel.Core.KestrelServerOptions.Listen(System.Net.IPAddress,System.Int32,System.Action{Microsoft.AspNetCore.Server.Kestrel.Core.ListenOptions})">
            <summary>
            Bind to given IP address and port.
            The callback configures endpoint-specific settings.
            </summary>
        </member>
        <member name="M:Microsoft.AspNetCore.Server.Kestrel.Core.KestrelServerOptions.Listen(System.Net.IPEndPoint)">
            <summary>
            Bind to given IP endpoint.
            </summary>
        </member>
        <member name="M:Microsoft.AspNetCore.Server.Kestrel.Core.KestrelServerOptions.Listen(System.Net.IPEndPoint,System.Action{Microsoft.AspNetCore.Server.Kestrel.Core.ListenOptions})">
            <summary>
            Bind to given IP address and port.
            The callback configures endpoint-specific settings.
            </summary>
        </member>
        <member name="M:Microsoft.AspNetCore.Server.Kestrel.Core.KestrelServerOptions.ListenUnixSocket(System.String)">
            <summary>
            Bind to given Unix domain socket path.
            </summary>
        </member>
        <member name="M:Microsoft.AspNetCore.Server.Kestrel.Core.KestrelServerOptions.ListenUnixSocket(System.String,System.Action{Microsoft.AspNetCore.Server.Kestrel.Core.ListenOptions})">
            <summary>
            Bind to given Unix domain socket path.
            Specify callback to configure endpoint-specific settings.
            </summary>
        </member>
        <member name="M:Microsoft.AspNetCore.Server.Kestrel.Core.KestrelServerOptions.ListenHandle(System.UInt64)">
            <summary>
            Open a socket file descriptor.
            </summary>
        </member>
        <member name="M:Microsoft.AspNetCore.Server.Kestrel.Core.KestrelServerOptions.ListenHandle(System.UInt64,System.Action{Microsoft.AspNetCore.Server.Kestrel.Core.ListenOptions})">
            <summary>
            Open a socket file descriptor.
            The callback configures endpoint-specific settings.
            </summary>
        </member>
        <member name="T:Microsoft.AspNetCore.Server.Kestrel.Core.ListenOptions">
            <summary>
            Describes either an <see cref="P:Microsoft.AspNetCore.Server.Kestrel.Core.ListenOptions.IPEndPoint"/>, Unix domain socket path, or a file descriptor for an already open
            socket that Kestrel should bind to or open.
            </summary>
        </member>
        <member name="P:Microsoft.AspNetCore.Server.Kestrel.Core.ListenOptions.Type">
            <summary>
            The type of interface being described: either an <see cref="P:Microsoft.AspNetCore.Server.Kestrel.Core.ListenOptions.IPEndPoint"/>, Unix domain socket path, or a file descriptor.
            </summary>
        </member>
        <member name="P:Microsoft.AspNetCore.Server.Kestrel.Core.ListenOptions.IPEndPoint">
            <summary>
            The <see cref="P:Microsoft.AspNetCore.Server.Kestrel.Core.ListenOptions.IPEndPoint"/> to bind to.
            Only set if the <see cref="T:Microsoft.AspNetCore.Server.Kestrel.Core.ListenOptions"/> <see cref="P:Microsoft.AspNetCore.Server.Kestrel.Core.ListenOptions.Type"/> is <see cref="F:Microsoft.AspNetCore.Server.Kestrel.Transport.Abstractions.Internal.ListenType.IPEndPoint"/>.
            </summary>
        </member>
        <member name="P:Microsoft.AspNetCore.Server.Kestrel.Core.ListenOptions.SocketPath">
            <summary>
            The absolute path to a Unix domain socket to bind to.
            Only set if the <see cref="T:Microsoft.AspNetCore.Server.Kestrel.Core.ListenOptions"/> <see cref="P:Microsoft.AspNetCore.Server.Kestrel.Core.ListenOptions.Type"/> is <see cref="F:Microsoft.AspNetCore.Server.Kestrel.Transport.Abstractions.Internal.ListenType.SocketPath"/>.
            </summary>
        </member>
        <member name="P:Microsoft.AspNetCore.Server.Kestrel.Core.ListenOptions.FileHandle">
            <summary>
            A file descriptor for the socket to open.
            Only set if the <see cref="T:Microsoft.AspNetCore.Server.Kestrel.Core.ListenOptions"/> <see cref="P:Microsoft.AspNetCore.Server.Kestrel.Core.ListenOptions.Type"/> is <see cref="F:Microsoft.AspNetCore.Server.Kestrel.Transport.Abstractions.Internal.ListenType.FileHandle"/>.
            </summary>
        </member>
        <member name="P:Microsoft.AspNetCore.Server.Kestrel.Core.ListenOptions.KestrelServerOptions">
            <summary>
            Enables an <see cref="T:Microsoft.AspNetCore.Server.Kestrel.Core.Adapter.Internal.IConnectionAdapter"/> to resolve and use services registered by the application during startup.
            Only set if accessed from the callback of a <see cref="P:Microsoft.AspNetCore.Server.Kestrel.Core.ListenOptions.KestrelServerOptions"/> Listen* method.
            </summary>
        </member>
        <member name="P:Microsoft.AspNetCore.Server.Kestrel.Core.ListenOptions.NoDelay">
            <summary>
            Set to false to enable Nagle's algorithm for all connections.
            </summary>
            <remarks>
            Defaults to true.
            </remarks>
        </member>
        <member name="P:Microsoft.AspNetCore.Server.Kestrel.Core.ListenOptions.ConnectionAdapters">
            <summary>
            Gets the <see cref="T:System.Collections.Generic.List`1"/> that allows each connection <see cref="T:System.IO.Stream"/>
            to be intercepted and transformed.
            Configured by the <c>UseHttps()</c> and <see cref="M:Microsoft.AspNetCore.Hosting.ListenOptionsConnectionLoggingExtensions.UseConnectionLogging(Microsoft.AspNetCore.Server.Kestrel.Core.ListenOptions)"/>
            extension methods.
            </summary>
            <remarks>
            Defaults to empty.
            </remarks>
        </member>
        <member name="M:Microsoft.AspNetCore.Server.Kestrel.Core.ListenOptions.GetDisplayName">
            <summary>
            Gets the name of this endpoint to display on command-line when the web server starts.
            </summary>
        </member>
        <member name="M:Microsoft.AspNetCore.Server.Kestrel.Core.MinDataRate.#ctor(System.Double,System.TimeSpan)">
            <summary>
            Creates a new instance of <see cref="T:Microsoft.AspNetCore.Server.Kestrel.Core.MinDataRate"/>.
            </summary>
            <param name="bytesPerSecond">The minimum rate in bytes/second at which data should be processed.</param>
            <param name="gracePeriod">The amount of time to delay enforcement of <paramref name="bytesPerSecond"/>,
            starting at the time data is first read or written.</param>
        </member>
        <member name="P:Microsoft.AspNetCore.Server.Kestrel.Core.MinDataRate.BytesPerSecond">
            <summary>
            The minimum rate in bytes/second at which data should be processed.
            </summary>
        </member>
        <member name="P:Microsoft.AspNetCore.Server.Kestrel.Core.MinDataRate.GracePeriod">
            <summary>
            The amount of time to delay enforcement of <see cref="T:Microsoft.AspNetCore.Server.Kestrel.Core.MinDataRate" />,
            starting at the time data is first read or written.
            </summary>
        </member>
        <member name="P:Microsoft.AspNetCore.Server.Kestrel.Core.CoreStrings.BadRequest">
            <summary>
            Bad request.
            </summary>
        </member>
        <member name="M:Microsoft.AspNetCore.Server.Kestrel.Core.CoreStrings.FormatBadRequest">
            <summary>
            Bad request.
            </summary>
        </member>
        <member name="P:Microsoft.AspNetCore.Server.Kestrel.Core.CoreStrings.BadRequest_BadChunkSizeData">
            <summary>
            Bad chunk size data.
            </summary>
        </member>
        <member name="M:Microsoft.AspNetCore.Server.Kestrel.Core.CoreStrings.FormatBadRequest_BadChunkSizeData">
            <summary>
            Bad chunk size data.
            </summary>
        </member>
        <member name="P:Microsoft.AspNetCore.Server.Kestrel.Core.CoreStrings.BadRequest_BadChunkSuffix">
            <summary>
            Bad chunk suffix.
            </summary>
        </member>
        <member name="M:Microsoft.AspNetCore.Server.Kestrel.Core.CoreStrings.FormatBadRequest_BadChunkSuffix">
            <summary>
            Bad chunk suffix.
            </summary>
        </member>
        <member name="P:Microsoft.AspNetCore.Server.Kestrel.Core.CoreStrings.BadRequest_ChunkedRequestIncomplete">
            <summary>
            Chunked request incomplete.
            </summary>
        </member>
        <member name="M:Microsoft.AspNetCore.Server.Kestrel.Core.CoreStrings.FormatBadRequest_ChunkedRequestIncomplete">
            <summary>
            Chunked request incomplete.
            </summary>
        </member>
        <member name="P:Microsoft.AspNetCore.Server.Kestrel.Core.CoreStrings.BadRequest_FinalTransferCodingNotChunked">
            <summary>
            The message body length cannot be determined because the final transfer coding was set to '{detail}' instead of 'chunked'.
            </summary>
        </member>
        <member name="M:Microsoft.AspNetCore.Server.Kestrel.Core.CoreStrings.FormatBadRequest_FinalTransferCodingNotChunked(System.Object)">
            <summary>
            The message body length cannot be determined because the final transfer coding was set to '{detail}' instead of 'chunked'.
            </summary>
        </member>
        <member name="P:Microsoft.AspNetCore.Server.Kestrel.Core.CoreStrings.BadRequest_HeadersExceedMaxTotalSize">
            <summary>
            Request headers too long.
            </summary>
        </member>
        <member name="M:Microsoft.AspNetCore.Server.Kestrel.Core.CoreStrings.FormatBadRequest_HeadersExceedMaxTotalSize">
            <summary>
            Request headers too long.
            </summary>
        </member>
        <member name="P:Microsoft.AspNetCore.Server.Kestrel.Core.CoreStrings.BadRequest_InvalidCharactersInHeaderName">
            <summary>
            Invalid characters in header name.
            </summary>
        </member>
        <member name="M:Microsoft.AspNetCore.Server.Kestrel.Core.CoreStrings.FormatBadRequest_InvalidCharactersInHeaderName">
            <summary>
            Invalid characters in header name.
            </summary>
        </member>
        <member name="P:Microsoft.AspNetCore.Server.Kestrel.Core.CoreStrings.BadRequest_InvalidContentLength_Detail">
            <summary>
            Invalid content length: {detail}
            </summary>
        </member>
        <member name="M:Microsoft.AspNetCore.Server.Kestrel.Core.CoreStrings.FormatBadRequest_InvalidContentLength_Detail(System.Object)">
            <summary>
            Invalid content length: {detail}
            </summary>
        </member>
        <member name="P:Microsoft.AspNetCore.Server.Kestrel.Core.CoreStrings.BadRequest_InvalidHostHeader">
            <summary>
            Invalid Host header.
            </summary>
        </member>
        <member name="M:Microsoft.AspNetCore.Server.Kestrel.Core.CoreStrings.FormatBadRequest_InvalidHostHeader">
            <summary>
            Invalid Host header.
            </summary>
        </member>
        <member name="P:Microsoft.AspNetCore.Server.Kestrel.Core.CoreStrings.BadRequest_InvalidHostHeader_Detail">
            <summary>
            Invalid Host header: '{detail}'
            </summary>
        </member>
        <member name="M:Microsoft.AspNetCore.Server.Kestrel.Core.CoreStrings.FormatBadRequest_InvalidHostHeader_Detail(System.Object)">
            <summary>
            Invalid Host header: '{detail}'
            </summary>
        </member>
        <member name="P:Microsoft.AspNetCore.Server.Kestrel.Core.CoreStrings.BadRequest_InvalidRequestHeadersNoCRLF">
            <summary>
            Invalid request headers: missing final CRLF in header fields.
            </summary>
        </member>
        <member name="M:Microsoft.AspNetCore.Server.Kestrel.Core.CoreStrings.FormatBadRequest_InvalidRequestHeadersNoCRLF">
            <summary>
            Invalid request headers: missing final CRLF in header fields.
            </summary>
        </member>
        <member name="P:Microsoft.AspNetCore.Server.Kestrel.Core.CoreStrings.BadRequest_InvalidRequestHeader_Detail">
            <summary>
            Invalid request header: '{detail}'
            </summary>
        </member>
        <member name="M:Microsoft.AspNetCore.Server.Kestrel.Core.CoreStrings.FormatBadRequest_InvalidRequestHeader_Detail(System.Object)">
            <summary>
            Invalid request header: '{detail}'
            </summary>
        </member>
        <member name="P:Microsoft.AspNetCore.Server.Kestrel.Core.CoreStrings.BadRequest_InvalidRequestLine">
            <summary>
            Invalid request line.
            </summary>
        </member>
        <member name="M:Microsoft.AspNetCore.Server.Kestrel.Core.CoreStrings.FormatBadRequest_InvalidRequestLine">
            <summary>
            Invalid request line.
            </summary>
        </member>
        <member name="P:Microsoft.AspNetCore.Server.Kestrel.Core.CoreStrings.BadRequest_InvalidRequestLine_Detail">
            <summary>
            Invalid request line: '{detail}'
            </summary>
        </member>
        <member name="M:Microsoft.AspNetCore.Server.Kestrel.Core.CoreStrings.FormatBadRequest_InvalidRequestLine_Detail(System.Object)">
            <summary>
            Invalid request line: '{detail}'
            </summary>
        </member>
        <member name="P:Microsoft.AspNetCore.Server.Kestrel.Core.CoreStrings.BadRequest_InvalidRequestTarget_Detail">
            <summary>
            Invalid request target: '{detail}'
            </summary>
        </member>
        <member name="M:Microsoft.AspNetCore.Server.Kestrel.Core.CoreStrings.FormatBadRequest_InvalidRequestTarget_Detail(System.Object)">
            <summary>
            Invalid request target: '{detail}'
            </summary>
        </member>
        <member name="P:Microsoft.AspNetCore.Server.Kestrel.Core.CoreStrings.BadRequest_LengthRequired">
            <summary>
            {detail} request contains no Content-Length or Transfer-Encoding header.
            </summary>
        </member>
        <member name="M:Microsoft.AspNetCore.Server.Kestrel.Core.CoreStrings.FormatBadRequest_LengthRequired(System.Object)">
            <summary>
            {detail} request contains no Content-Length or Transfer-Encoding header.
            </summary>
        </member>
        <member name="P:Microsoft.AspNetCore.Server.Kestrel.Core.CoreStrings.BadRequest_LengthRequiredHttp10">
            <summary>
            {detail} request contains no Content-Length header.
            </summary>
        </member>
        <member name="M:Microsoft.AspNetCore.Server.Kestrel.Core.CoreStrings.FormatBadRequest_LengthRequiredHttp10(System.Object)">
            <summary>
            {detail} request contains no Content-Length header.
            </summary>
        </member>
        <member name="P:Microsoft.AspNetCore.Server.Kestrel.Core.CoreStrings.BadRequest_MalformedRequestInvalidHeaders">
            <summary>
            Malformed request: invalid headers.
            </summary>
        </member>
        <member name="M:Microsoft.AspNetCore.Server.Kestrel.Core.CoreStrings.FormatBadRequest_MalformedRequestInvalidHeaders">
            <summary>
            Malformed request: invalid headers.
            </summary>
        </member>
        <member name="P:Microsoft.AspNetCore.Server.Kestrel.Core.CoreStrings.BadRequest_MethodNotAllowed">
            <summary>
            Method not allowed.
            </summary>
        </member>
        <member name="M:Microsoft.AspNetCore.Server.Kestrel.Core.CoreStrings.FormatBadRequest_MethodNotAllowed">
            <summary>
            Method not allowed.
            </summary>
        </member>
        <member name="P:Microsoft.AspNetCore.Server.Kestrel.Core.CoreStrings.BadRequest_MissingHostHeader">
            <summary>
            Request is missing Host header.
            </summary>
        </member>
        <member name="M:Microsoft.AspNetCore.Server.Kestrel.Core.CoreStrings.FormatBadRequest_MissingHostHeader">
            <summary>
            Request is missing Host header.
            </summary>
        </member>
        <member name="P:Microsoft.AspNetCore.Server.Kestrel.Core.CoreStrings.BadRequest_MultipleContentLengths">
            <summary>
            Multiple Content-Length headers.
            </summary>
        </member>
        <member name="M:Microsoft.AspNetCore.Server.Kestrel.Core.CoreStrings.FormatBadRequest_MultipleContentLengths">
            <summary>
            Multiple Content-Length headers.
            </summary>
        </member>
        <member name="P:Microsoft.AspNetCore.Server.Kestrel.Core.CoreStrings.BadRequest_MultipleHostHeaders">
            <summary>
            Multiple Host headers.
            </summary>
        </member>
        <member name="M:Microsoft.AspNetCore.Server.Kestrel.Core.CoreStrings.FormatBadRequest_MultipleHostHeaders">
            <summary>
            Multiple Host headers.
            </summary>
        </member>
        <member name="P:Microsoft.AspNetCore.Server.Kestrel.Core.CoreStrings.BadRequest_RequestLineTooLong">
            <summary>
            Request line too long.
            </summary>
        </member>
        <member name="M:Microsoft.AspNetCore.Server.Kestrel.Core.CoreStrings.FormatBadRequest_RequestLineTooLong">
            <summary>
            Request line too long.
            </summary>
        </member>
        <member name="P:Microsoft.AspNetCore.Server.Kestrel.Core.CoreStrings.BadRequest_RequestTimeout">
            <summary>
            Request timed out.
            </summary>
        </member>
        <member name="M:Microsoft.AspNetCore.Server.Kestrel.Core.CoreStrings.FormatBadRequest_RequestTimeout">
            <summary>
            Request timed out.
            </summary>
        </member>
        <member name="P:Microsoft.AspNetCore.Server.Kestrel.Core.CoreStrings.BadRequest_TooManyHeaders">
            <summary>
            Request contains too many headers.
            </summary>
        </member>
        <member name="M:Microsoft.AspNetCore.Server.Kestrel.Core.CoreStrings.FormatBadRequest_TooManyHeaders">
            <summary>
            Request contains too many headers.
            </summary>
        </member>
        <member name="P:Microsoft.AspNetCore.Server.Kestrel.Core.CoreStrings.BadRequest_UnexpectedEndOfRequestContent">
            <summary>
            Unexpected end of request content.
            </summary>
        </member>
        <member name="M:Microsoft.AspNetCore.Server.Kestrel.Core.CoreStrings.FormatBadRequest_UnexpectedEndOfRequestContent">
            <summary>
            Unexpected end of request content.
            </summary>
        </member>
        <member name="P:Microsoft.AspNetCore.Server.Kestrel.Core.CoreStrings.BadRequest_UnrecognizedHTTPVersion">
            <summary>
            Unrecognized HTTP version: '{detail}'
            </summary>
        </member>
        <member name="M:Microsoft.AspNetCore.Server.Kestrel.Core.CoreStrings.FormatBadRequest_UnrecognizedHTTPVersion(System.Object)">
            <summary>
            Unrecognized HTTP version: '{detail}'
            </summary>
        </member>
        <member name="P:Microsoft.AspNetCore.Server.Kestrel.Core.CoreStrings.BadRequest_UpgradeRequestCannotHavePayload">
            <summary>
            Requests with 'Connection: Upgrade' cannot have content in the request body.
            </summary>
        </member>
        <member name="M:Microsoft.AspNetCore.Server.Kestrel.Core.CoreStrings.FormatBadRequest_UpgradeRequestCannotHavePayload">
            <summary>
            Requests with 'Connection: Upgrade' cannot have content in the request body.
            </summary>
        </member>
        <member name="P:Microsoft.AspNetCore.Server.Kestrel.Core.CoreStrings.FallbackToIPv4Any">
            <summary>
            Failed to bind to http://[::]:{port} (IPv6Any). Attempting to bind to http://0.0.0.0:{port} instead.
            </summary>
        </member>
        <member name="M:Microsoft.AspNetCore.Server.Kestrel.Core.CoreStrings.FormatFallbackToIPv4Any(System.Object)">
            <summary>
            Failed to bind to http://[::]:{port} (IPv6Any). Attempting to bind to http://0.0.0.0:{port} instead.
            </summary>
        </member>
        <member name="P:Microsoft.AspNetCore.Server.Kestrel.Core.CoreStrings.ResponseStreamWasUpgraded">
            <summary>
            Cannot write to response body after connection has been upgraded.
            </summary>
        </member>
        <member name="M:Microsoft.AspNetCore.Server.Kestrel.Core.CoreStrings.FormatResponseStreamWasUpgraded">
            <summary>
            Cannot write to response body after connection has been upgraded.
            </summary>
        </member>
        <member name="P:Microsoft.AspNetCore.Server.Kestrel.Core.CoreStrings.BigEndianNotSupported">
            <summary>
            Kestrel does not support big-endian architectures.
            </summary>
        </member>
        <member name="M:Microsoft.AspNetCore.Server.Kestrel.Core.CoreStrings.FormatBigEndianNotSupported">
            <summary>
            Kestrel does not support big-endian architectures.
            </summary>
        </member>
        <member name="P:Microsoft.AspNetCore.Server.Kestrel.Core.CoreStrings.MaxRequestBufferSmallerThanRequestHeaderBuffer">
            <summary>
            Maximum request buffer size ({requestBufferSize}) must be greater than or equal to maximum request header size ({requestHeaderSize}).
            </summary>
        </member>
        <member name="M:Microsoft.AspNetCore.Server.Kestrel.Core.CoreStrings.FormatMaxRequestBufferSmallerThanRequestHeaderBuffer(System.Object,System.Object)">
            <summary>
            Maximum request buffer size ({requestBufferSize}) must be greater than or equal to maximum request header size ({requestHeaderSize}).
            </summary>
        </member>
        <member name="P:Microsoft.AspNetCore.Server.Kestrel.Core.CoreStrings.MaxRequestBufferSmallerThanRequestLineBuffer">
            <summary>
            Maximum request buffer size ({requestBufferSize}) must be greater than or equal to maximum request line size ({requestLineSize}).
            </summary>
        </member>
        <member name="M:Microsoft.AspNetCore.Server.Kestrel.Core.CoreStrings.FormatMaxRequestBufferSmallerThanRequestLineBuffer(System.Object,System.Object)">
            <summary>
            Maximum request buffer size ({requestBufferSize}) must be greater than or equal to maximum request line size ({requestLineSize}).
            </summary>
        </member>
        <member name="P:Microsoft.AspNetCore.Server.Kestrel.Core.CoreStrings.ServerAlreadyStarted">
            <summary>
            Server has already started.
            </summary>
        </member>
        <member name="M:Microsoft.AspNetCore.Server.Kestrel.Core.CoreStrings.FormatServerAlreadyStarted">
            <summary>
            Server has already started.
            </summary>
        </member>
        <member name="P:Microsoft.AspNetCore.Server.Kestrel.Core.CoreStrings.UnknownTransportMode">
            <summary>
            Unknown transport mode: '{mode}'.
            </summary>
        </member>
        <member name="M:Microsoft.AspNetCore.Server.Kestrel.Core.CoreStrings.FormatUnknownTransportMode(System.Object)">
            <summary>
            Unknown transport mode: '{mode}'.
            </summary>
        </member>
        <member name="P:Microsoft.AspNetCore.Server.Kestrel.Core.CoreStrings.InvalidAsciiOrControlChar">
            <summary>
            Invalid non-ASCII or control character in header: {character}
            </summary>
        </member>
        <member name="M:Microsoft.AspNetCore.Server.Kestrel.Core.CoreStrings.FormatInvalidAsciiOrControlChar(System.Object)">
            <summary>
            Invalid non-ASCII or control character in header: {character}
            </summary>
        </member>
        <member name="P:Microsoft.AspNetCore.Server.Kestrel.Core.CoreStrings.InvalidContentLength_InvalidNumber">
            <summary>
            Invalid Content-Length: "{value}". Value must be a positive integral number.
            </summary>
        </member>
        <member name="M:Microsoft.AspNetCore.Server.Kestrel.Core.CoreStrings.FormatInvalidContentLength_InvalidNumber(System.Object)">
            <summary>
            Invalid Content-Length: "{value}". Value must be a positive integral number.
            </summary>
        </member>
        <member name="P:Microsoft.AspNetCore.Server.Kestrel.Core.CoreStrings.NonNegativeNumberOrNullRequired">
            <summary>
            Value must be null or a non-negative number.
            </summary>
        </member>
        <member name="M:Microsoft.AspNetCore.Server.Kestrel.Core.CoreStrings.FormatNonNegativeNumberOrNullRequired">
            <summary>
            Value must be null or a non-negative number.
            </summary>
        </member>
        <member name="P:Microsoft.AspNetCore.Server.Kestrel.Core.CoreStrings.NonNegativeNumberRequired">
            <summary>
            Value must be a non-negative number.
            </summary>
        </member>
        <member name="M:Microsoft.AspNetCore.Server.Kestrel.Core.CoreStrings.FormatNonNegativeNumberRequired">
            <summary>
            Value must be a non-negative number.
            </summary>
        </member>
        <member name="P:Microsoft.AspNetCore.Server.Kestrel.Core.CoreStrings.PositiveNumberRequired">
            <summary>
            Value must be a positive number.
            </summary>
        </member>
        <member name="M:Microsoft.AspNetCore.Server.Kestrel.Core.CoreStrings.FormatPositiveNumberRequired">
            <summary>
            Value must be a positive number.
            </summary>
        </member>
        <member name="P:Microsoft.AspNetCore.Server.Kestrel.Core.CoreStrings.PositiveNumberOrNullRequired">
            <summary>
            Value must be null or a positive number.
            </summary>
        </member>
        <member name="M:Microsoft.AspNetCore.Server.Kestrel.Core.CoreStrings.FormatPositiveNumberOrNullRequired">
            <summary>
            Value must be null or a positive number.
            </summary>
        </member>
        <member name="P:Microsoft.AspNetCore.Server.Kestrel.Core.CoreStrings.UnixSocketPathMustBeAbsolute">
            <summary>
            Unix socket path must be absolute.
            </summary>
        </member>
        <member name="M:Microsoft.AspNetCore.Server.Kestrel.Core.CoreStrings.FormatUnixSocketPathMustBeAbsolute">
            <summary>
            Unix socket path must be absolute.
            </summary>
        </member>
        <member name="P:Microsoft.AspNetCore.Server.Kestrel.Core.CoreStrings.AddressBindingFailed">
            <summary>
            Failed to bind to address {address}.
            </summary>
        </member>
        <member name="M:Microsoft.AspNetCore.Server.Kestrel.Core.CoreStrings.FormatAddressBindingFailed(System.Object)">
            <summary>
            Failed to bind to address {address}.
            </summary>
        </member>
        <member name="P:Microsoft.AspNetCore.Server.Kestrel.Core.CoreStrings.BindingToDefaultAddress">
            <summary>
            No listening endpoints were configured. Binding to {address} by default.
            </summary>
        </member>
        <member name="M:Microsoft.AspNetCore.Server.Kestrel.Core.CoreStrings.FormatBindingToDefaultAddress(System.Object)">
            <summary>
            No listening endpoints were configured. Binding to {address} by default.
            </summary>
        </member>
        <member name="P:Microsoft.AspNetCore.Server.Kestrel.Core.CoreStrings.ConfigureHttpsFromMethodCall">
            <summary>
            HTTPS endpoints can only be configured using {methodName}.
            </summary>
        </member>
        <member name="M:Microsoft.AspNetCore.Server.Kestrel.Core.CoreStrings.FormatConfigureHttpsFromMethodCall(System.Object)">
            <summary>
            HTTPS endpoints can only be configured using {methodName}.
            </summary>
        </member>
        <member name="P:Microsoft.AspNetCore.Server.Kestrel.Core.CoreStrings.ConfigurePathBaseFromMethodCall">
            <summary>
            A path base can only be configured using {methodName}.
            </summary>
        </member>
        <member name="M:Microsoft.AspNetCore.Server.Kestrel.Core.CoreStrings.FormatConfigurePathBaseFromMethodCall(System.Object)">
            <summary>
            A path base can only be configured using {methodName}.
            </summary>
        </member>
        <member name="P:Microsoft.AspNetCore.Server.Kestrel.Core.CoreStrings.DynamicPortOnLocalhostNotSupported">
            <summary>
            Dynamic port binding is not supported when binding to localhost. You must either bind to 127.0.0.1:0 or [::1]:0, or both.
            </summary>
        </member>
        <member name="M:Microsoft.AspNetCore.Server.Kestrel.Core.CoreStrings.FormatDynamicPortOnLocalhostNotSupported">
            <summary>
            Dynamic port binding is not supported when binding to localhost. You must either bind to 127.0.0.1:0 or [::1]:0, or both.
            </summary>
        </member>
        <member name="P:Microsoft.AspNetCore.Server.Kestrel.Core.CoreStrings.EndpointAlreadyInUse">
            <summary>
            Failed to bind to address {endpoint}: address already in use.
            </summary>
        </member>
        <member name="M:Microsoft.AspNetCore.Server.Kestrel.Core.CoreStrings.FormatEndpointAlreadyInUse(System.Object)">
            <summary>
            Failed to bind to address {endpoint}: address already in use.
            </summary>
        </member>
        <member name="P:Microsoft.AspNetCore.Server.Kestrel.Core.CoreStrings.InvalidUrl">
            <summary>
            Invalid URL: '{url}'.
            </summary>
        </member>
        <member name="M:Microsoft.AspNetCore.Server.Kestrel.Core.CoreStrings.FormatInvalidUrl(System.Object)">
            <summary>
            Invalid URL: '{url}'.
            </summary>
        </member>
        <member name="P:Microsoft.AspNetCore.Server.Kestrel.Core.CoreStrings.NetworkInterfaceBindingFailed">
            <summary>
            Unable to bind to {address} on the {interfaceName} interface: '{error}'.
            </summary>
        </member>
        <member name="M:Microsoft.AspNetCore.Server.Kestrel.Core.CoreStrings.FormatNetworkInterfaceBindingFailed(System.Object,System.Object,System.Object)">
            <summary>
            Unable to bind to {address} on the {interfaceName} interface: '{error}'.
            </summary>
        </member>
        <member name="P:Microsoft.AspNetCore.Server.Kestrel.Core.CoreStrings.OverridingWithKestrelOptions">
            <summary>
            Overriding address(es) '{addresses}'. Binding to endpoints defined in {methodName} instead.
            </summary>
        </member>
        <member name="M:Microsoft.AspNetCore.Server.Kestrel.Core.CoreStrings.FormatOverridingWithKestrelOptions(System.Object,System.Object)">
            <summary>
            Overriding address(es) '{addresses}'. Binding to endpoints defined in {methodName} instead.
            </summary>
        </member>
        <member name="P:Microsoft.AspNetCore.Server.Kestrel.Core.CoreStrings.OverridingWithPreferHostingUrls">
            <summary>
            Overriding endpoints defined in UseKestrel() because {settingName} is set to true. Binding to address(es) '{addresses}' instead.
            </summary>
        </member>
        <member name="M:Microsoft.AspNetCore.Server.Kestrel.Core.CoreStrings.FormatOverridingWithPreferHostingUrls(System.Object,System.Object)">
            <summary>
            Overriding endpoints defined in UseKestrel() because {settingName} is set to true. Binding to address(es) '{addresses}' instead.
            </summary>
        </member>
        <member name="P:Microsoft.AspNetCore.Server.Kestrel.Core.CoreStrings.UnsupportedAddressScheme">
            <summary>
            Unrecognized scheme in server address '{address}'. Only 'http://' is supported.
            </summary>
        </member>
        <member name="M:Microsoft.AspNetCore.Server.Kestrel.Core.CoreStrings.FormatUnsupportedAddressScheme(System.Object)">
            <summary>
            Unrecognized scheme in server address '{address}'. Only 'http://' is supported.
            </summary>
        </member>
        <member name="P:Microsoft.AspNetCore.Server.Kestrel.Core.CoreStrings.HeadersAreReadOnly">
            <summary>
            Headers are read-only, response has already started.
            </summary>
        </member>
        <member name="M:Microsoft.AspNetCore.Server.Kestrel.Core.CoreStrings.FormatHeadersAreReadOnly">
            <summary>
            Headers are read-only, response has already started.
            </summary>
        </member>
        <member name="P:Microsoft.AspNetCore.Server.Kestrel.Core.CoreStrings.KeyAlreadyExists">
            <summary>
            An item with the same key has already been added.
            </summary>
        </member>
        <member name="M:Microsoft.AspNetCore.Server.Kestrel.Core.CoreStrings.FormatKeyAlreadyExists">
            <summary>
            An item with the same key has already been added.
            </summary>
        </member>
        <member name="P:Microsoft.AspNetCore.Server.Kestrel.Core.CoreStrings.HeaderNotAllowedOnResponse">
            <summary>
            Setting the header {name} is not allowed on responses with status code {statusCode}.
            </summary>
        </member>
        <member name="M:Microsoft.AspNetCore.Server.Kestrel.Core.CoreStrings.FormatHeaderNotAllowedOnResponse(System.Object,System.Object)">
            <summary>
            Setting the header {name} is not allowed on responses with status code {statusCode}.
            </summary>
        </member>
        <member name="P:Microsoft.AspNetCore.Server.Kestrel.Core.CoreStrings.ParameterReadOnlyAfterResponseStarted">
            <summary>
            {name} cannot be set because the response has already started.
            </summary>
        </member>
        <member name="M:Microsoft.AspNetCore.Server.Kestrel.Core.CoreStrings.FormatParameterReadOnlyAfterResponseStarted(System.Object)">
            <summary>
            {name} cannot be set because the response has already started.
            </summary>
        </member>
        <member name="P:Microsoft.AspNetCore.Server.Kestrel.Core.CoreStrings.RequestProcessingAborted">
            <summary>
            Request processing didn't complete within the shutdown timeout.
            </summary>
        </member>
        <member name="M:Microsoft.AspNetCore.Server.Kestrel.Core.CoreStrings.FormatRequestProcessingAborted">
            <summary>
            Request processing didn't complete within the shutdown timeout.
            </summary>
        </member>
        <member name="P:Microsoft.AspNetCore.Server.Kestrel.Core.CoreStrings.TooFewBytesWritten">
            <summary>
            Response Content-Length mismatch: too few bytes written ({written} of {expected}).
            </summary>
        </member>
        <member name="M:Microsoft.AspNetCore.Server.Kestrel.Core.CoreStrings.FormatTooFewBytesWritten(System.Object,System.Object)">
            <summary>
            Response Content-Length mismatch: too few bytes written ({written} of {expected}).
            </summary>
        </member>
        <member name="P:Microsoft.AspNetCore.Server.Kestrel.Core.CoreStrings.TooManyBytesWritten">
            <summary>
            Response Content-Length mismatch: too many bytes written ({written} of {expected}).
            </summary>
        </member>
        <member name="M:Microsoft.AspNetCore.Server.Kestrel.Core.CoreStrings.FormatTooManyBytesWritten(System.Object,System.Object)">
            <summary>
            Response Content-Length mismatch: too many bytes written ({written} of {expected}).
            </summary>
        </member>
        <member name="P:Microsoft.AspNetCore.Server.Kestrel.Core.CoreStrings.UnhandledApplicationException">
            <summary>
            The response has been aborted due to an unhandled application exception.
            </summary>
        </member>
        <member name="M:Microsoft.AspNetCore.Server.Kestrel.Core.CoreStrings.FormatUnhandledApplicationException">
            <summary>
            The response has been aborted due to an unhandled application exception.
            </summary>
        </member>
        <member name="P:Microsoft.AspNetCore.Server.Kestrel.Core.CoreStrings.WritingToResponseBodyNotSupported">
            <summary>
            Writing to the response body is invalid for responses with status code {statusCode}.
            </summary>
        </member>
        <member name="M:Microsoft.AspNetCore.Server.Kestrel.Core.CoreStrings.FormatWritingToResponseBodyNotSupported(System.Object)">
            <summary>
            Writing to the response body is invalid for responses with status code {statusCode}.
            </summary>
        </member>
        <member name="P:Microsoft.AspNetCore.Server.Kestrel.Core.CoreStrings.ConnectionShutdownError">
            <summary>
            Connection shutdown abnormally.
            </summary>
        </member>
        <member name="M:Microsoft.AspNetCore.Server.Kestrel.Core.CoreStrings.FormatConnectionShutdownError">
            <summary>
            Connection shutdown abnormally.
            </summary>
        </member>
        <member name="P:Microsoft.AspNetCore.Server.Kestrel.Core.CoreStrings.RequestProcessingEndError">
            <summary>
            Connection processing ended abnormally.
            </summary>
        </member>
        <member name="M:Microsoft.AspNetCore.Server.Kestrel.Core.CoreStrings.FormatRequestProcessingEndError">
            <summary>
            Connection processing ended abnormally.
            </summary>
        </member>
        <member name="P:Microsoft.AspNetCore.Server.Kestrel.Core.CoreStrings.CannotUpgradeNonUpgradableRequest">
            <summary>
            Cannot upgrade a non-upgradable request. Check IHttpUpgradeFeature.IsUpgradableRequest to determine if a request can be upgraded.
            </summary>
        </member>
        <member name="M:Microsoft.AspNetCore.Server.Kestrel.Core.CoreStrings.FormatCannotUpgradeNonUpgradableRequest">
            <summary>
            Cannot upgrade a non-upgradable request. Check IHttpUpgradeFeature.IsUpgradableRequest to determine if a request can be upgraded.
            </summary>
        </member>
        <member name="P:Microsoft.AspNetCore.Server.Kestrel.Core.CoreStrings.UpgradedConnectionLimitReached">
            <summary>
            Request cannot be upgraded because the server has already opened the maximum number of upgraded connections.
            </summary>
        </member>
        <member name="M:Microsoft.AspNetCore.Server.Kestrel.Core.CoreStrings.FormatUpgradedConnectionLimitReached">
            <summary>
            Request cannot be upgraded because the server has already opened the maximum number of upgraded connections.
            </summary>
        </member>
        <member name="P:Microsoft.AspNetCore.Server.Kestrel.Core.CoreStrings.UpgradeCannotBeCalledMultipleTimes">
            <summary>
            IHttpUpgradeFeature.UpgradeAsync was already called and can only be called once per connection.
            </summary>
        </member>
        <member name="M:Microsoft.AspNetCore.Server.Kestrel.Core.CoreStrings.FormatUpgradeCannotBeCalledMultipleTimes">
            <summary>
            IHttpUpgradeFeature.UpgradeAsync was already called and can only be called once per connection.
            </summary>
        </member>
        <member name="P:Microsoft.AspNetCore.Server.Kestrel.Core.CoreStrings.BadRequest_RequestBodyTooLarge">
            <summary>
            Request body too large.
            </summary>
        </member>
        <member name="M:Microsoft.AspNetCore.Server.Kestrel.Core.CoreStrings.FormatBadRequest_RequestBodyTooLarge">
            <summary>
            Request body too large.
            </summary>
        </member>
        <member name="P:Microsoft.AspNetCore.Server.Kestrel.Core.CoreStrings.MaxRequestBodySizeCannotBeModifiedAfterRead">
            <summary>
            The maximum request body size cannot be modified after the app has already started reading from the request body.
            </summary>
        </member>
        <member name="M:Microsoft.AspNetCore.Server.Kestrel.Core.CoreStrings.FormatMaxRequestBodySizeCannotBeModifiedAfterRead">
            <summary>
            The maximum request body size cannot be modified after the app has already started reading from the request body.
            </summary>
        </member>
        <member name="P:Microsoft.AspNetCore.Server.Kestrel.Core.CoreStrings.MaxRequestBodySizeCannotBeModifiedForUpgradedRequests">
            <summary>
            The maximum request body size cannot be modified after the request has been upgraded.
            </summary>
        </member>
        <member name="M:Microsoft.AspNetCore.Server.Kestrel.Core.CoreStrings.FormatMaxRequestBodySizeCannotBeModifiedForUpgradedRequests">
            <summary>
            The maximum request body size cannot be modified after the request has been upgraded.
            </summary>
        </member>
        <member name="P:Microsoft.AspNetCore.Server.Kestrel.Core.CoreStrings.PositiveTimeSpanRequired">
            <summary>
            Value must be a positive TimeSpan.
            </summary>
        </member>
        <member name="M:Microsoft.AspNetCore.Server.Kestrel.Core.CoreStrings.FormatPositiveTimeSpanRequired">
            <summary>
            Value must be a positive TimeSpan.
            </summary>
        </member>
        <member name="P:Microsoft.AspNetCore.Server.Kestrel.Core.CoreStrings.NonNegativeTimeSpanRequired">
            <summary>
            Value must be a non-negative TimeSpan.
            </summary>
        </member>
        <member name="M:Microsoft.AspNetCore.Server.Kestrel.Core.CoreStrings.FormatNonNegativeTimeSpanRequired">
            <summary>
            Value must be a non-negative TimeSpan.
            </summary>
        </member>
        <member name="P:Microsoft.AspNetCore.Server.Kestrel.Core.CoreStrings.MinimumGracePeriodRequired">
            <summary>
            The request body rate enforcement grace period must be greater than {heartbeatInterval} second.
            </summary>
        </member>
        <member name="M:Microsoft.AspNetCore.Server.Kestrel.Core.CoreStrings.FormatMinimumGracePeriodRequired(System.Object)">
            <summary>
            The request body rate enforcement grace period must be greater than {heartbeatInterval} second.
            </summary>
        </member>
        <member name="P:Microsoft.AspNetCore.Server.Kestrel.Core.CoreStrings.SynchronousReadsDisallowed">
            <summary>
            Synchronous operations are disallowed. Call ReadAsync or set AllowSynchronousIO to true instead.
            </summary>
        </member>
        <member name="M:Microsoft.AspNetCore.Server.Kestrel.Core.CoreStrings.FormatSynchronousReadsDisallowed">
            <summary>
            Synchronous operations are disallowed. Call ReadAsync or set AllowSynchronousIO to true instead.
            </summary>
        </member>
        <member name="P:Microsoft.AspNetCore.Server.Kestrel.Core.CoreStrings.SynchronousWritesDisallowed">
            <summary>
            Synchronous operations are disallowed. Call WriteAsync or set AllowSynchronousIO to true instead.
            </summary>
        </member>
        <member name="M:Microsoft.AspNetCore.Server.Kestrel.Core.CoreStrings.FormatSynchronousWritesDisallowed">
            <summary>
            Synchronous operations are disallowed. Call WriteAsync or set AllowSynchronousIO to true instead.
            </summary>
        </member>
        <member name="P:Microsoft.AspNetCore.Server.Kestrel.Core.CoreStrings.PositiveNumberOrNullMinDataRateRequired">
            <summary>
            Value must be a positive number. To disable a minimum data rate, use null where a MinDataRate instance is expected.
            </summary>
        </member>
        <member name="M:Microsoft.AspNetCore.Server.Kestrel.Core.CoreStrings.FormatPositiveNumberOrNullMinDataRateRequired">
            <summary>
            Value must be a positive number. To disable a minimum data rate, use null where a MinDataRate instance is expected.
            </summary>
        </member>
        <member name="M:Microsoft.AspNetCore.Hosting.ListenOptionsConnectionLoggingExtensions.UseConnectionLogging(Microsoft.AspNetCore.Server.Kestrel.Core.ListenOptions)">
            <summary>
            Emits verbose logs for bytes read from and written to the connection.
            </summary>
            <returns>
            The <see cref="T:Microsoft.AspNetCore.Server.Kestrel.Core.ListenOptions"/>.
            </returns>
        </member>
        <member name="M:Microsoft.AspNetCore.Hosting.ListenOptionsConnectionLoggingExtensions.UseConnectionLogging(Microsoft.AspNetCore.Server.Kestrel.Core.ListenOptions,System.String)">
            <summary>
            Emits verbose logs for bytes read from and written to the connection.
            </summary>
            <returns>
            The <see cref="T:Microsoft.AspNetCore.Server.Kestrel.Core.ListenOptions"/>.
            </returns>
        </member>
        <member name="M:Microsoft.AspNetCore.Hosting.KestrelServerOptionsSystemdExtensions.UseSystemd(Microsoft.AspNetCore.Server.Kestrel.Core.KestrelServerOptions)">
            <summary>
            Open file descriptor (SD_LISTEN_FDS_START) initialized by systemd socket-based activation logic if available.
            </summary>
            <returns>
            The <see cref="T:Microsoft.AspNetCore.Server.Kestrel.Core.KestrelServerOptions"/>.
            </returns>
        </member>
        <member name="M:Microsoft.AspNetCore.Hosting.KestrelServerOptionsSystemdExtensions.UseSystemd(Microsoft.AspNetCore.Server.Kestrel.Core.KestrelServerOptions,System.Action{Microsoft.AspNetCore.Server.Kestrel.Core.ListenOptions})">
            <summary>
            Open file descriptor (SD_LISTEN_FDS_START) initialized by systemd socket-based activation logic if available.
            Specify callback to configure endpoint-specific settings.
            </summary>
            <returns>
            The <see cref="T:Microsoft.AspNetCore.Server.Kestrel.Core.KestrelServerOptions"/>.
            </returns>
        </member>
    </members>
</doc>
